<application>
  <component name="FileTypeManager" version="18">
    <extensionMap>
      <mapping pattern="docker-compose-yaml" type="AUTO_DETECTED" />
      <mapping pattern="mysql" type="AUTO_DETECTED" />
      <mapping pattern="dish-request.json" type="AUTO_DETECTED" />
      <mapping pattern="phpunit" type="AUTO_DETECTED" />
      <mapping pattern="migrate" type="AUTO_DETECTED" />
      <mapping pattern=".gitkeep" type="PLAIN_TEXT" />
      <mapping ext="stub" type="PLAIN_TEXT" />
      <mapping ext="cvs" type="PLAIN_TEXT" />
      <mapping ext="lock" type="PLAIN_TEXT" />
      <mapping ext="ini" type="PLAIN_TEXT" />
      <removed_mapping ext="ignore" approved="true" type="IgnoreLang file" />
      <removed_mapping ext="ini" approved="true" type="Ini" />
      <removed_mapping ext="sql" approved="true" type="SQL" />
    </extensionMap>
  </component>
</application>